Date,IPO_Name,Issue_Size(crores),QIB,HNI,RII,Issue_price,Listing_Open,Listing_Close,Listing_Gains(%),CMP,Current_gains
03-02-2010,Infinite Comp,189.8,48.44,106.02,11.08,165,178.35,184.51,11.82,473.75,187.12
08-02-2010,Jubilant Food,328.7,59.39,51.95,3.79,145,160,114.5,-21.03,2997.15,1967
15-02-2010,Syncom Health,56.25,0.99,16.6,6.25,75,88,87.85,17.13,4.06,-94.59
15-02-2010,Vascon Engineer,199.8,1.12,3.65,0.62,165,155.9,146.38,-11.28,26.5,-83.94
19-02-2010,Thangamayil,0,0.52,1.52,2.26,75,70,71.1,-5.2,1115,1386.67
23-02-2010,Aqua Logistics,150,0.26,5.07,3,220,225,24.46,-88.88,1.4,-99.36
24-02-2010,DB Realty,1500,1.35,1.21,0.01,468,452.1,455.4,-2.69,107.6,-77.01
24-02-2010,Emmbi Ind,43.08,0.43,5.55,0.46,45,46,28.65,-36.33,101.45,125.44
25-02-2010,Hathway Cable,735.4,1.43,4.29,0.28,240,246,41.56,-82.68,19.6,-91.83
03-03-2010,ARSS Infra,103,49.34,124.53,18.55,450,640,736.3,63.62,31.95,-92.9
10-03-2010,Texmo Pipes,45,1.02,30.5,7.26,90,92.8,137.25,52.5,78.8,-12.44
11-03-2010,Man Infra,142,96.06,104.57,10.26,252,335,46.43,-81.58,112.05,-55.54
18-03-2010,United Bank,330,47.08,39.15,9.8,66,77,68.8,4.24,4.48,-93.21
29-03-2010,DQ Entertain,128.38,93.86,272.88,19.45,80,135,108.55,35.69,1.03,-98.71
30-03-2010,ILandFS Trans,700,52.61,39.39,4.56,258,287,253.68,-1.67,5.17,-98
05-04-2010,Pradip Overseas,116.6,8.57,45.35,10.53,110,120,89.29,-18.83,1.14,-98.96
06-04-2010,Persistent,168.01,144.43,107.73,21.69,310,400,204,-34.19,3858.3,1144.61
09-04-2010,Shree Ganesh,385.29,1.38,6.13,1.39,260,258.85,163.25,-37.21,0.82,-99.68
12-04-2010,Intrasoft Tech,53.65,21.97,21.6,13.51,145,140,159.35,9.9,214.15,47.69
16-04-2010,Goenka Diamond,145,0.78,2.99,0.66,135,130,12.79,-90.53,3.17,-97.65
10-05-2010,Talwalkars Fitn,77.44,35.43,51.48,8.43,128,138,162.6,27.03,1.45,-98.87
13-05-2010,NEL HOLDINGS SO,405,2.54,0.22,0.16,54,50,50.95,-5.65,4.09,-92.43
18-05-2010,Tarapur Trans,63.75,0.03,5.08,2.74,75,75,56.9,-24.13,4.99,-93.35
19-05-2010,GB Global,107.9,7.97,10.52,2.81,130,131,133.65,2.81,9.8,-92.46
20-05-2010,SJVN,1079,9.03,3.39,3.12,26,27.1,25.05,-3.65,30.3,16.54
21-05-2010,Jaypee Infra,1650,1.77,1.15,0.61,102,98,91.3,-10.49,3.4,-96.67
01-07-2010,Parabolic Drugs,200,1.48,1.2,0.4,75,76,64.8,-13.6,5.7,-92.4
16-07-2010,Technofab Engg,71.76,4.28,48.85,10.03,240,265,295.65,23.19,6.85,-97.15
21-07-2010,Hindustan Media,270,8.98,3.39,1,166,177.95,189.2,13.98,69.25,-58.28
28-07-2010,Shri Aster,53.1,0.01,12.46,7.41,118,127.7,199.1,68.73,1.28,-98.92
16-08-2010,Bharat Fin,1653.97,20.38,18.26,2.81,985,1036,1088.58,10.52,898.2,-8.81
18-08-2010,Bajaj Consumer ,297,20.19,53.49,6.62,660,730,151.65,-77.02,172.75,-73.83
25-08-2010,Prakash Steelag,68.75,1.27,10.91,6.62,110,118.55,18.8,-82.91,6.31,-94.26
09-09-2010,Gujarat Pipavav,500,13.2,85.7,9.15,46,56.25,54.05,17.5,92.5,101.09
29-09-2010,Indosolar,357,1.44,1.3,1.81,29,29.75,23.7,-18.28,4.21,-85.48
01-10-2010,Tirupati Inks,51.5,1.78,23.18,12.59,43,53.95,36.65,-14.77,1.59,-96.3
05-10-2010,Sasta Sundar,147.5,5.91,35.88,11.04,118,135.1,110.9,-6.02,407,244.92
06-10-2010,Career Point,115,47.45,101.93,31.74,310,461,632.35,103.98,117.05,-62.24
06-10-2010,Eros Intl,350,25.79,73.4,11.95,175,213.55,190.05,8.6,27.4,-84.34
08-10-2010,Electrosteel St,0,5.86,28.58,6.19,11,11.15,11.25,2.27,31.05,182.27
08-10-2010,Orient Green,900,2.09,0.64,0.18,47,45.7,44.9,-4.47,13.35,-71.6
08-10-2010,Ramky Infra,530,4.52,1.45,0.99,450,450,387.35,-13.92,220.15,-51.08
12-10-2010,Cantabil Retail,105,1.71,3.83,2.63,135,133.8,104.75,-22.41,909.35,573.59
12-10-2010,Tecpro Systems,268.03,27.99,62.48,9.07,355,399.4,407.85,14.89,4.53,-98.72
13-10-2010,Va Tech Wabag,472.6,36.13,100.98,8.55,1310,1655,341.88,-73.9,318.5,-75.69
14-10-2010,Sea TV Network,50.2,1.66,40.94,7.45,100,120,106,6,5.25,-94.75
14-10-2010,Ashoka Buildcon,225,25.52,13.91,3.46,324,333.55,73.33,-77.37,96.7,-70.15
14-10-2010,Bedmutha Ind,91.8,0.67,29.19,8.51,102,114.4,180.8,77.25,75.95,-25.54
18-10-2010,Commercial Eng,172.41,3.68,0.34,0.38,127,122.8,112.25,-11.61,42.6,-66.46
20-10-2010,Oberoi Realty,1028.61,22.15,3.61,0.94,260,280,282.95,8.83,892.6,243.31
27-10-2010,Prestige Estate,1200,4.32,0.24,0.08,183,190,192.55,5.22,446,143.72
27-10-2010,BS Limited,197.36,0.52,3.16,1.04,248,251,18.93,-92.37,0.33,-99.87
27-10-2010,Gyscoal Alloys,54.67,1.54,33.44,8,71,76.6,8.16,-88.51,4.51,-93.65
04-11-2010,Coal India,15475,24.7,25.4,2.31,245,300,342.35,39.73,167.25,-31.73
16-11-2010,Gravita India,45,6.04,182.52,37.34,125,218.75,42.08,-66.34,371.4,197.12
06-12-2010,RPP Infra Proj,48.75,0.16,7.27,5.6,75,75,52,-30.67,51.7,-31.07
15-12-2010,MOIL,1260,0,0,0,375,551,233.25,-37.8,176.2,-53.01
20-12-2010,Claris Life,300,1.31,2.03,1.6,228,224.4,205.85,-9.71,396.55,73.93
23-12-2010,A2Z Infra Eng,675,0.7,4.25,0.33,400,390,328.9,-17.78,9.67,-97.58
30-12-2010,Punjab & Sind,480,49.8,22.91,8.38,120,146.1,127.05,5.87,16.35,-86.38
20-01-2011,C Mahendra Expo,165,1.02,3.92,4.82,110,111,55.43,-49.61,1.79,-98.37
10-02-2011,Omkar Special,79.38,0.82,5.27,9.9,98,95,46.2,-52.86,31.75,-67.6
10-03-2011,Acropetal Tech,170,1.12,2,1.21,90,130,98.45,9.39,1.67,-98.14
11-03-2011,Sudar Ind,69.98,0.17,4.47,2.27,77,74,113.1,46.88,1.02,-98.68
11-03-2011,Fineotex Chem,30.32,0,0.22,4.38,70,80,14.09,-79.87,167.6,139.43
24-03-2011,Lovable Lingeri,93.28,21.87,99.87,20.84,205,261.5,249.2,21.56,143.3,-30.1
30-03-2011,PTC India Fin,438.76,2.85,0.22,1.18,28,28,24.9,-11.07,17.6,-37.14
08-04-2011,Shilpi Cable,55.88,1.04,6.39,5.74,69,78.35,23.8,-65.51,1.1,-98.41
06-05-2011,Muthoot Finance,901.25,25.01,60.94,8.5,175,176.45,176.25,0.71,1327.1,658.34
09-05-2011,Paramount Print,45.83,0.33,3.28,9.31,35,35,26.65,-23.86,0.82,-97.66
10-05-2011,Future Consumer,750,0.26,7.81,0.61,10,9.5,8.3,-17,6.98,-30.2
12-05-2011,Servalakshmi,60,0.34,4.21,1.9,29,30,19,-34.48,1.33,-95.41
13-05-2011,Innoventive Ind,219.58,0.85,1.94,1.48,117,110,93.6,-20,4.2,-96.41
23-05-2011,Sanghvi Forging,36.9,0,1.82,2.93,85,88,111.75,31.47,16.5,-80.59
27-05-2011,Dr Datson Labs,120,0.14,2.65,1.84,234,218,311.25,33.01,6.29,-97.31
14-06-2011,VMS Industries,25.75,0,1.11,3.41,40,43.95,28.5,-28.75,15,-62.5
22-06-2011,Timbor Home,23.25,0.65,3.22,14.22,63,72,91.2,44.76,2.21,-96.49
07-07-2011,Rushil Decor,40.64,0.23,1.35,6.57,72,81.25,104.49,45.12,404.9,462.36
07-07-2011,Birla Pacific,65.18,1.04,0.17,1.82,10,10.1,25.35,153.5,0.28,-97.2
13-07-2011,Kridhan Infra,34.75,0.03,1.37,4.18,108,115,13.29,-87.69,5.86,-94.57
28-07-2011,Bharatiya Glob,55.1,0,1.94,5.06,82,84,30.95,-62.26,5.2,-93.66
04-08-2011,Inventure Grow,81.9,0.25,9.49,8.66,117,119,5.2,-95.56,4.15,-96.45
12-08-2011,L&T Finance,1245,1.93,6.18,9.61,52,53.85,46.46,-10.65,71.25,37.02
26-08-2011,Tree House,112.06,1.02,1.68,2.76,135,132.8,116.55,-13.67,10.34,-92.34
05-09-2011,Brooks Labs,63,0,2.82,3.36,100,110,50.2,-49.8,88.65,-11.35
08-09-2011,TD Power System,227,6.52,0.32,0.36,256,251.6,274.8,7.34,385,50.39
16-09-2011,SRS,227.5,0.74,5,0.29,58,55,16.83,-70.98,0.19,-99.67
26-09-2011,PG Electroplast,120.65,0.98,1.84,1.64,210,200,411.65,96.02,644,206.67
04-10-2011,Setubandhan Inf,60,0.31,2.76,4.68,138,145,22.95,-83.37,3.24,-97.65
17-10-2011,Onelife Capital,36.85,1.02,0.93,2.32,110,115,145.9,32.64,14.3,-87
19-10-2011,Taksheel Solut,82.5,0.24,4.7,6.18,150,157.4,58.15,-61.23,3.85,-97.43
19-10-2011,Flexituff Ventu,104.63,0.51,1.55,1.55,155,155,166.4,7.35,27.5,-82.26
20-10-2011,Ujaas Energy,93,1.03,1.56,2.35,186,180,31.76,-82.92,4.75,-97.45
24-10-2011,Vaswani Ind,49,0.16,11.29,6.82,49,33.45,17.75,-63.78,22.2,-54.69
02-11-2011,Indo Thai Secu,33.6,0,0.02,3.31,74,76,23,-68.92,304,310.81
09-03-2012,MCX India,663.31,49.12,150.35,24.14,1032,1387,1297.05,25.68,1402.35,35.89
28-03-2012,Olympic Cards,25,0,3.43,1.36,30,29.95,28.5,-5,4.24,-85.87
12-04-2012,MT Educare,99,6.01,8,2.17,80,86.05,90.35,12.94,9.88,-87.65
12-04-2012,NBCC (India),127.2,7.07,1.7,3.4,106,100,6.47,-93.9,41.25,-61.08
09-05-2012,Tribhovandas,210,1.29,1.91,0.68,120,115,111.2,-7.33,70.7,-41.08
30-05-2012,Speciality Rest,181.96,4.68,2.19,0.55,150,153,160.65,7.1,146.75,-2.17
18-07-2012,VKS Projects,55,1.15,0.38,1.13,55,55.8,1.57,-97.15,0.04,-99.93
06-12-2012,Tara Jewels,0,1.49,3.1,2.05,230,242,229.95,-0.02,0.76,-99.67
26-12-2012,CARE Ratings,539.98,45.8,110.96,6.18,750,940,923.95,23.19,526,-29.87
27-12-2012,PC Jeweller,609.3,7.33,18.12,1.68,135,137,74.5,-44.81,22.1,-83.63
28-12-2012,INDUS TOWERS,4533.6,2.84,0.1,0.06,220,200,191.2,-13.09,253,15
01-04-2013,Repco Home,270.38,3.39,0.35,0.51,172,159.95,160.85,-6.48,232.6,35.23
05-06-2013,Just Dial,950,10.12,22.34,3.53,530,590,611.45,15.37,804.05,51.71
09-05-2014,Wonderla,181.25,16.71,159.04,7.56,125,164.75,157.6,26.08,223.1,78.48
12-09-2014,Snowman Logist,197.4,16.98,221.79,41.26,47,75,78.75,67.55,36.2,-22.98
23-09-2014,Sharda Crop,352,32.06,251.35,5.85,156,254.1,231.45,48.37,559.6,258.72
01-10-2014,Shemaroo Ent,120,5.69,8.64,7.79,170,180,171,0.59,122.45,-27.97
19-12-2014,Monte Carlo,342.28,13.96,1.71,6.96,645,585,566.4,-12.19,529,-17.98
19-03-2015,Ortel Comm,240,1.01,0.09,0.39,181,181,171.95,-5,1.72,-99.05
06-04-2015,Imagicaaworld,467,1.17,0.49,1.37,180,167.95,191.25,6.25,13.58,-92.46
09-04-2015,Inox Wind,700,35.68,35.38,2.15,325,400,438,34.77,119.1,-63.35
30-04-2015,VRL Logistics,473.88,58.22,250.86,7.92,205,288,293.3,43.07,473.55,131
06-05-2015,MEP Infra,324,1.02,1.51,0.97,63,63,60.95,-3.25,23.9,-62.06
14-05-2015,UFO Moviez,600,4.49,1.17,1.02,625,600,598.8,-4.19,97.3,-84.43
26-05-2015,PNC Infratech,488,4.51,0.65,0.28,378,381,72.04,-80.94,274.45,-27.39
09-07-2015,Manpasand Bever,400,1.99,0.38,1.16,320,291,163.43,-48.93,6.14,-98.08
11-08-2015,Syngene Intl,550,51.47,90.24,4.78,250,295,155.2,-37.92,565,126
26-08-2015,Power Mech,273.22,27.53,133.22,3.42,640,600,585.75,-8.48,901.1,40.8
09-09-2015,Navkar Corp,600,6.47,0.9,1.62,155,152,166.4,7.35,35.75,-76.94
10-09-2015,Pennar Eng,156.19,0,0.04,0.11,178,177.95,157.5,-11.52,63.85,-64.13
10-09-2015,Shree Pushkar,70,0.97,2.09,1.54,65,60.05,63,-3.08,235.6,262.46
16-09-2015,Sadbhav Infra,425,3.04,1.66,1.69,103,111,106.15,3.06,12.66,-87.71
21-09-2015,Prabhat Dairy,300,0.88,1.42,0.34,115,113,116.35,1.17,99.65,-13.35
02-11-2015,Coffee Day,1150,4.39,0.54,0.9,328,313,270.15,-17.64,61.95,-81.11
10-11-2015,Interglobe Avi,3000,17.8,3.57,0.92,765,868,878.45,14.83,2120.3,177.16
16-11-2015,S H Kelkar,200,0,0,0,180,216,207.3,15.17,149.2,-17.11
23-12-2015,Alkem Lab,1349.6,57.19,129.96,3.17,1050,1380,1381.45,31.57,3335.9,217.7
23-12-2015,Dr Lal PathLab,638,63.56,61.28,4.24,550,717,824.15,49.85,2735,397.27
06-01-2016,Narayana Hruda,613,0.01,0.01,0.13,250,291,336.7,34.68,653,161.2
08-02-2016,Precision Camsh,410,2.62,0.73,2.01,186,165,177.25,-4.7,144.85,-22.12
12-02-2016,TeamLease Ser.,273.68,26.97,185.24,10.61,850,860,1021.95,20.23,3987.85,369.16
18-02-2016,Quick Heal Tech,450,4.34,36.69,3.82,321,305,254.45,-20.73,196,-38.94
01-04-2016,Bharat Wire Rop,70,1.01,2.02,2.08,45,47.25,45.4,0.89,76.55,70.11
21-04-2016,Equitas Holding,2159,14.93,57.29,1.4,110,145.1,135.25,22.95,112,1.82
09-05-2016,Thyrocare Techn,479.21,73.18,225.3,8.73,446,662,618.1,38.59,891.75,99.94
10-05-2016,Ujjivan Financi,358.16,33.84,135.45,4.02,210,231.9,231.6,10.29,113.3,-46.05
19-05-2016,Parag Milk Food,764.3,1.15,3.08,2.12,215,230,247.8,15.26,105.6,-50.88
01-07-2016,Mahanagar Gas,1039.64,72.84,191.61,6.82,421,540,519.9,23.49,768.7,82.59
12-07-2016,Quess Corp,400,59.02,392.21,31.23,317,500,503,58.68,650.2,105.11
21-07-2016,L&T Infotech,1242,19.91,10.76,7.39,710,667,697.65,-1.74,5870,726.76
01-08-2016,Advanced Enzyme,60,94.03,393.1,11.67,896,1210,235.66,-73.7,297,-66.85
11-08-2016,Dilip Buildcon,430,0,0,0,219,240,251.95,15.05,294.15,34.32
12-08-2016,S P Apparels,215,1,0.45,0.54,268,275,295,10.07,415.25,54.94
31-08-2016,RBL Bank,1100,85.08,198.06,5.7,225,274.4,299.3,33.02,140,-37.78
23-09-2016,L&T Technology,900,5.01,1.03,1.74,860,900,865.1,0.59,4462,418.84
27-09-2016,GNA Axles,130.41,17.18,217.47,11.84,207,252,233.45,12.78,506.9,144.88
29-09-2016,ICICI Prudentia,6057,11.83,28.55,1.42,334,329,297.65,-10.88,525.15,57.23
04-10-2016,HPL Electric & ,361,5.77,22.2,3.31,202,190,189.05,-6.41,67.65,-66.51
19-10-2016,Endurance Techn,1161,1.7,0.13,0.82,472,572,647.7,37.22,1385.8,193.6
07-11-2016,PNB Housing Fin,3000,37.33,86.17,1.32,775,860,890.6,14.92,450.05,-41.93
08-11-2016,Varun Beverages,1114,4.94,0.42,0.82,445,430,205.29,-53.87,952.7,114.09
09-12-2016,Sheela Foam,178.5,14.51,3.35,0.44,730,860,1032,41.37,3264.3,347.16
19-12-2016,Laurus Labs,560.7,10.54,3.57,1.58,428,489.9,96.1,-77.55,551.9,28.95
03-02-2017,BSE Limited,1243,48.64,159.03,6.48,806,1085,1069.2,32.66,2262.8,180.74
17-03-2017,Music Broadcast,488.53,39.78,109.13,9.85,333,413,59.7,-82.07,24,-92.79
21-03-2017,Avenue Supermar,1870,144.61,277.74,7.3,299,604,640.75,114.3,4070.7,1261.44
31-03-2017,CL Educate,238.95,3.65,0.21,1.63,500,398,208.95,-58.21,125.05,-74.99
05-04-2017,Shankara Buildi,232.96,51.62,90.68,15.35,460,545,632.8,37.57,707.6,53.83
09-05-2017,S Chand and Co,325,44.27,204.65,6.07,670,675.85,675.85,0.87,109.2,-83.7
19-05-2017,HUDCO,1224,55.45,330.36,10.79,58,76.5,72.5,25,36.1,-37.76
29-05-2017,PSP Projects,211.68,8.38,10.39,6.47,210,195,208.95,-0.5,536.15,155.31
06-06-2017,IndiGrid InvIT ,2250,1.14,1.6,0,100,99.7,95.08,-4.92,150.03,50.03
27-06-2017,Tejas Networks,326.69,2.16,0.48,3.1,257,257.7,263.3,2.45,445,73.15
29-06-2017,Eris Life,1741.1,4.68,0.45,3.51,603,612,601.05,-0.32,709.75,17.7
30-06-2017,CDSL,523.99,148.71,563.03,23.83,149,250,261.6,75.57,1468.1,885.3
04-07-2017,GTPL Hathway,484.8,1.48,2.48,0.99,170,170,171.65,0.97,210.95,24.09
10-07-2017,AU Small Financ,1912.51,78.77,143.51,3.52,358,544,541.2,51.17,1262.8,252.74
25-07-2017,Salasar Techno ,35.87,0,487.18,58.59,108,259.45,272.1,151.94,215.75,99.77
10-08-2017,SIS,362.25,5.64,1.65,18.67,815,875,378.35,-53.58,502.05,-38.4
11-08-2017,Cochin Shipyard,1454,63.51,288.87,8.12,432,461,522,20.83,313.2,-27.5
04-09-2017,Apex Frozen,152.25,1.91,7.82,8.53,175,202,209.85,19.91,291.75,66.71
18-09-2017,Bharat Road Net,600.65,1.33,1.63,5.16,205,205,208.15,1.54,38.9,-81.02
18-09-2017,Dixon Technolog,599.28,134.66,345.62,9.46,1766,2725,578.56,-67.24,4067,130.29
21-09-2017,Matrimony.com,501.07,1.88,0.41,18.16,985,985,901.2,-8.51,758,-23.05
25-09-2017,Capacite Infra,400,131.32,638.05,17.57,250,360,342.4,36.96,139.25,-44.3
27-09-2017,ICICI Lombard ,5700.94,8.93,0.83,1.23,661,651,681.55,3.11,1283.25,94.14
03-10-2017,SBI Life Insura,8400,12.56,0.7,0.81,700,735,708,1.14,1147,63.86
05-10-2017,Prataap Snacks ,481.94,76.89,101.15,7.62,938,1250,1178.3,25.62,743.5,-20.74
16-10-2017,Godrej Agrovet,1157.31,150.96,236.04,7.67,460,615,595.55,29.47,489.5,6.41
23-10-2017,IEX,1000.7,2.56,0.85,2.61,1650,1500,54.22,-96.71,217.5,-86.82
25-10-2017,General Insuran,11372,2.25,0.22,0.63,912,870.4,435.2,-52.28,129.05,-85.85
06-11-2017,Nippon,1542,118.41,209.44,5.23,252,289,284,12.7,313.4,24.37
10-11-2017,Mahindra Logist,829.36,15.61,2.07,6.11,429,425,429.15,0.03,421.8,-1.68
14-11-2017,Khadim India,493.06,2.45,0.18,2.34,750,727,688.5,-8.2,259.55,-65.39
17-11-2017,HDFC Life,8695.01,16.6,2.29,0.9,290,313,344.25,18.71,590.85,103.74
15-12-2017,Shalby ,504.8,4.34,0.42,2.98,248,237,239.25,-3.53,135.05,-45.54
18-12-2017,Future Supply,649.69,12.36,11.15,3.28,664,674,685.8,3.28,65.8,-90.09
29-12-2017,Astron Paper & ,70,103.35,396.99,77.93,50,120.75,119.7,139.4,44.55,-10.9
22-01-2018,Apollo Micro Sy,156,101.93,958.07,40.19,275,478,454.1,65.13,122.5,-55.45
29-01-2018,Newgen Software,424.62,15.62,5.52,5.18,245,256,253,3.27,553.25,125.82
30-01-2018,Amber Enterpris,600,174.99,519.26,11.65,859,1175,1237.25,44.03,3351,290.1
08-02-2018,Galaxy Surfacta,937.09,54.67,6.96,6,1480,1525,1698.1,14.74,2964.95,100.33
26-02-2018,Aster DM Health,980.14,2.1,0.55,1.18,190,182,179.85,-5.34,189.4,-0.32
09-03-2018,HG Infra Engg,457.7,8.37,4.97,3.08,270,270,270.05,0.02,610.1,125.96
23-03-2018,Bharat Dynamics,960.94,1.5,0.5,1.41,428,360,390.7,-8.71,470.2,9.86
27-03-2018,Bandhan Bank,4473,38.67,13.89,1.2,375,485,477.2,27.25,319.1,-14.91
28-03-2018,Hindustan Aeron,4229,1.73,0.03,0.39,1215,1159,1128.35,-7.13,1348.2,10.96
04-04-2018,Mishra Dhatu Ni,438.38,1.96,0.12,0.72,0,93.1,90,0,175.45,
05-04-2018,ICICI Securitie,4016,0.54,0.05,0.39,520,435,444.9,-14.44,695.35,33.72
21-05-2018,Indostar Capita,1844,16.08,6.91,1.48,572,600.6,585.5,2.36,240.5,-57.95
02-07-2018,RITES,453.6,71.72,194.56,15.74,185,190,170.16,-8.02,250.7,35.51
02-07-2018,Fine Organics,597.87,12.86,21.01,1.62,783,815,822.8,5.08,3960,405.75
30-07-2018,TCNS Clothing C,1121.98,13.47,5.08,0.67,716,715,657.8,-8.13,678,-5.31
23-08-2018,CreditAccess Gr,1126.44,5.52,0.98,0.88,422,393,420.8,-0.28,703.15,66.62
08-10-2018,AAVAS Financier,1729.2,2.77,0.26,0.25,821,758,773.15,-5.83,3065.4,273.37
04-02-2019,Xelpmoc Design ,23,1.24,7.69,2.64,66,56,58.8,-10.91,306.65,364.62
07-02-2019,Chalet Hotels,1628.84,4.66,1.1,0.03,280,291,290.4,3.71,252,-10
29-03-2019,MSTC,213.81,1.13,2.15,2.95,128,111,114.2,-10.78,341.85,167.07
01-04-2019,Embassy Office,4750,2.15,3.09,0.31,300,300,314.1,4.7,381.46,27.15
11-04-2019,Rail Vikas,430.88,1.36,0.8,2.92,19,19,19.05,0.26,33.15,74.47
15-04-2019,Metropolis,1200.18,8.88,3.03,2.21,880,960,959.55,9.04,2000.05,127.28
08-05-2019,Neogen,131.48,30.49,113.88,16.06,0,251,263.55,0,1548.3,
04-07-2019,Indiamart Inter,474.12,30.83,62.13,14.07,973,1180,1302.55,33.87,4836.3,397.05
20-08-2019,Sterling Wilson,3125,1.02,0.89,0.3,780,700,725.35,-7.01,347.3,-55.47
14-10-2019,IRCTC,635.04,108.79,354.52,14.94,320,644,145.72,-54.46,816.3,155.09
04-12-2019,CSB Bank,409.68,38.85,45.49,9.01,195,275,300.1,53.9,234.1,20.05
12-12-2019,Ujjivan Small,750,110.72,473,49.09,37,58.75,55.9,51.08,17.9,-51.62
30-12-2019,Prince Pipes,500,3.54,1.21,1.89,178,160,166.6,-6.4,670.5,276.69
16-03-2020,SBI Card,10286.2,57.18,45.23,2.5,755,658,683.2,-9.51,826.9,9.52
23-07-2020,Rossari,496.25,2.75,4.34,2.51,425,670,742.35,74.67,1036,143.76
17-09-2020,Happiest Minds ,702.02,77.43,351.46,70.94,166,351,371,123.49,1042.05,527.74
21-09-2020,Route,600,89.76,192.81,12.67,350,708,651.1,86.03,1520,334.29
01-10-2020,CAMS,2244.33,73.18,111.85,5.55,1230,1535,1401.6,13.95,2443.5,98.66
01-10-2020,Chemcon Special,318,113.54,449.14,41.21,340,731,584.8,72,316.35,-6.96
05-10-2020,Angel One,600,5.74,0.69,4.31,306,275,275.85,-9.85,1297.45,324
12-10-2020,UTI AMC,2159.88,3.34,0.93,2.32,554,476.2,476.6,-13.97,825.55,49.02
12-10-2020,Mazagon Dock,443.69,89.71,678.88,35.63,145,216.25,173,19.31,253,74.48
02-11-2020,Equitas Bank,517.6,3.91,0.22,2.08,33,31,32.75,-0.76,53.45,61.97
20-11-2020,Gland,6479.55,6.4,0.51,0.24,1500,1710,1820.45,21.36,3219.6,114.64
14-12-2020,Restaurant Bran,796.5,86.64,354.11,68.15,60,115.35,138.4,130.67,127.65,112.75
24-12-2020,Bectors Food,540.54,176.85,620.86,29.33,288,501,595.55,106.79,338.5,17.53
01-01-2021,Antony Waste,300.53,0.64,0.28,7.22,315,430,407.25,29.29,292,-7.3
29-01-2021,IRFC,4633,0.89,0.52,1.59,26,25,24.85,-4.42,22.25,-14.42
02-02-2021,Indigo Paints,1170.56,96.21,115.76,6.5,1490,2607.5,3118.65,109.31,1772,18.93
03-02-2021,Home First,1153.72,52.53,39,6.59,518,612.15,527.4,1.81,718.1,38.63
05-02-2021,Stove Kraft,412.63,8.02,32.72,26.04,385,498,445.95,15.83,669.85,73.99
25-02-2021,Nureca,100,0.24,17.1,74.29,400,634.95,666.65,66.66,1483.75,270.94
26-02-2021,Railtel,819.24,22.03,51.4,7.08,94,109,121.4,29.15,103.15,9.73
05-03-2021,Heranba,60,25.98,108.72,4.82,627,900,812.25,29.55,644.9,2.85
15-03-2021,MTAR Tech,596.41,52.01,522.35,12.78,575,990.05,1082.25,88.22,1900.5,230.52
19-03-2021,Easy Trip,510,0,2.79,14.48,187,182,208.3,11.39,570,204.81
24-03-2021,Anupam Rasayan,760,30.8,62.06,4.62,555,534.7,525.9,-5.24,916.4,65.12
25-03-2021,Laxmi Organic,600,1.13,0.73,4.41,130,173,164.6,26.62,427.75,229.04
25-03-2021,Craftsman,823.7,0.56,0.05,1.04,1490,1440,1433,-3.83,2083.4,39.83
26-03-2021,Suryoday Small,582.34,2.18,1.31,3.09,305,274.75,276.2,-9.44,127.05,-58.34
26-03-2021,Kalyan Jeweller,1175,1.18,0.97,1.47,87,73.9,75.3,-13.45,62.25,-28.45
30-03-2021,Nazara,582.91,52.82,148.42,34.49,1101,1971,1576.8,43.22,1965.95,78.56
07-04-2021,Barbeque Nat,453.6,0,0,0,500,492,590.4,18.08,1343,168.6
19-04-2021,Macrotech Dev,2500,3.05,1.44,0.4,486,439,463.15,-4.7,1271.45,161.62
14-05-2021,PowerGrid InvIT,7734.99,0,0,0,100,104,102.98,2.98,130,30
24-06-2021,Shyam Metalics,909,62.18,172.51,5.29,306,380,375.85,22.83,323.35,5.67
24-06-2021,Sona BLW,5550,1.57,0.22,0.66,291,302.4,362.85,24.69,655,125.09
28-06-2021,Dodla Dairy,521,84.88,73.26,11.34,428,550,609.1,42.31,475,10.98
05-07-2021,Krishna Inst.,2146,5.26,1.89,2.9,825,1009,1096.8,32.95,1309.6,58.74
07-07-2021,India Pesticide,800,2.64,1.36,4.4,296,360,335.45,13.33,305.6,3.24
19-07-2021,G R Infra,963.28,93.18,73.01,4.89,837,1700,1746.8,108.7,1507.55,80.11
19-07-2021,Clean Science,1546,156.37,206.43,9,900,1784.4,1585.2,76.13,2010,123.33
23-07-2021,Zomato,9375,51.79,32.96,7.45,76,115,125.85,65.59,86,13.16
29-07-2021,Tatva Chintan,500,2.55,9.78,13.36,1083,2111.8,2310.25,113.32,2323,114.5
06-08-2021,Glenmark Life,1513,0.98,0.87,4.61,720,752,748.2,3.92,523,-27.36
09-08-2021,Rolex Rings,732.27,143.58,360.11,24.49,900,1249,1166.55,29.62,1225.25,36.14
16-08-2021,Windlas Biotech,405.95,24.4,15.73,24.27,460,439,406.7,-11.59,262.8,-42.87
16-08-2021,Devyani Int,1858,95.27,213.06,39.52,90,141,123.35,37.06,166.1,84.56
16-08-2021,Exxaro Tiles,161.09,17.67,5.36,40.1,120,126,132.25,10.21,127.7,6.42
16-08-2021,Krsnaa Diagnost,1222,49.83,116.3,42.04,954,1025,990.75,3.85,600.5,-37.05
20-08-2021,CarTrade Tech,2998,0.55,0.09,0.81,1618,1600,1500.1,-7.29,587.8,-63.67
23-08-2021,Nuvoco Vistas,5089.29,0.1,0.02,0.24,570,471,531.3,-6.79,383.25,-32.76
24-08-2021,CHEMPLAST SANMA,3929.91,2.7,1.03,2.29,541,570,534.9,-1.13,524,-3.14
06-09-2021,APTUS VALUE,2790,32.41,33.91,1.35,353,360,374.05,5.96,355.2,0.62
14-09-2021,Vijaya Diagnost,1895.04,13.07,1.32,1.09,531,542.3,619.3,16.63,434.4,-18.19
14-09-2021,AMI Organics,571.96,86.64,154.81,13.36,610,902,934.55,53.2,912.6,49.61
24-09-2021,Sansera Eng,1282,26.47,11.37,3.15,744,845.05,818.7,10.04,659.9,-11.3
01-10-2021,Paras Defence,181.13,90.48,435.14,61.42,175,475,498.75,185,654.55,274.03
11-10-2021,ABSL AMC,2768,4.1,2.6,1.68,712,697.5,699.65,-1.73,509.2,-28.48
10-11-2021,FSN E-Co Nykaa,5375,91.18,112.02,12.24,1125,2001,2206.7,96.15,1399.25,24.38
12-11-2021,Fino Payments,1209,1.65,0.21,5.92,577,548,545.25,-5.5,310.15,-46.25
15-11-2021,PB Fintech,6273.5,9.83,2.58,1.67,980,1444,1202.9,22.74,751.5,-23.32
15-11-2021,SJS Enterprises,816.57,1.42,2.32,1.38,542,514,509.85,-5.93,389.35,-28.16
15-11-2021,Sigachi Ind,0,42.15,78.82,41.26,163,575,603.75,270.4,319.7,96.13
18-11-2021,Sapphire Foods,2073,3.11,2.34,5.25,1180,1311,1216.05,3.06,1418.8,20.24
18-11-2021,One 97 Paytm,18915.9,2.79,0.24,1.66,2150,1955,1564.15,-27.25,833.55,-61.23
23-11-2021,Latent View,622.11,145.48,850.66,119.44,197,530,488.6,148.02,476.9,142.08
26-11-2021,Tarsons Product,1030.22,1.06,3.4,2.49,662,700,840,26.89,654.05,-1.2
10-12-2021,Star Health,7318.15,1.03,0.19,1.1,900,903,906.85,0.76,728.05,-19.11
13-12-2021,Tega Industries,619.23,215.45,666.19,29.44,453,753,725.5,60.15,474.65,4.78
14-12-2021,Anand Rathi,660,2.5,25.42,7.76,550,584.45,583.5,6.09,566.85,3.06
17-12-2021,Rategain Travel,1354,8.42,42.04,8.08,425,364.8,340.5,-19.88,355.75,-16.29
20-12-2021,Shriram Prop,600,1.85,4.82,12.72,118,94,99.4,-15.76,88.3,-25.17
21-12-2021,C. E. Info Syst,1039.61,196.36,424.69,15.2,1033,1581,1394.55,35,1434.45,38.86
22-12-2021,Metro Brands,1376.63,8.49,3.02,1.13,500,436,493.55,-1.29,553.35,10.67
24-12-2021,Data Patterns,601.2,190.86,254.22,23.14,585,864,754.85,29.03,649.7,11.06
27-12-2021,HP Adhesives,125.96,1.82,19.04,81.24,274,319,334.95,22.24,373,36.13
28-12-2021,Supriya Lifesci,700,31.83,161.22,56.01,274,425,390.35,42.46,410.95,49.98
31-12-2021,CMS Info System,1100,1.98,1.45,2.15,216,242.95,237.4,9.91,245.45,13.63
31-01-2022,AGS Transact,716.87,2.68,25.61,3.08,175,176,161.3,-7.83,125.1,-28.51
08-02-2022,Adani Wilmar,3600,5.73,56.3,3.92,230,274,265.2,15.3,354.35,54.07
16-02-2022,Vedant Fashions,3149,7.49,1.07,0.39,866,950,934.85,7.95,906.75,4.71
